avgShotLen,avgColVar,avgMotionMean,avgMotionStd,avgLightKey
1992,1181962.64222775,0.00089262218203792,0.0083229508989198,0.123905401811319
