avgShotLen,avgColVar,avgMotionMean,avgMotionStd,avgLightKey
47.3157894736842,1848152.74447491,0.00138876131937351,0.00647378850880802,0.130044605570395
