avgShotLen,avgColVar,avgMotionMean,avgMotionStd,avgLightKey
46.5217391304348,5386026.03410894,0.00156936608076418,0.00678220910145579,0.0954059959606111
