avgShotLen,avgColVar,avgMotionMean,avgMotionStd,avgLightKey
44.7450980392157,1828268.65957435,0.00132327004739048,0.00723621060967282,0.08420488519182
