avgShotLen,avgColVar,avgMotionMean,avgMotionStd,avgLightKey
47.2368421052632,2468052.34990774,0.00186010652340218,0.00761552826570787,0.159797141794302
