avgShotLen,avgColVar,avgMotionMean,avgMotionStd,avgLightKey
46.1794871794872,112716.057658996,0.00127303481486737,0.00509728542604889,0.0783592991048638
