avgShotLen,avgColVar,avgMotionMean,avgMotionStd,avgLightKey
77.3333333333333,898113.962970916,0.00138647570019677,0.00583730782808844,0.129211338857435
