avgShotLen,avgColVar,avgMotionMean,avgMotionStd,avgLightKey
37.3846153846154,17049299.583348,0.00338394494759438,0.0153684865958087,0.143862939211413
